# The provisional data available here are intended for diverse user applications.,,,,,,,,,,,,,,,,,,,,,,,,,,,,,,,,,,,,,,,,
# For data required for a court of law or regulatory purposes, review the information ,,,,,,,,,,,,,,,,,,,,,,,,,,,,,,,,,,,,,,,
# available from the NCEI (https://www.ncdc.noaa.gov/customer-support/certification-data),,,,,,,,,,,,,,,,,,,,,,,,,,,,,,,,,,,,,,,,
# or consult a CCM (http://certifiedmeteorologists.org/find-an-expert-meteorologist.htm).,,,,,,,,,,,,,,,,,,,,,,,,,,,,,,,,,,,,,,,,
# STATION: KSEA,,,,,,,,,,,,,,,,,,,,,,,,,,,,,,,,,,,,,,,,
# STATION NAME: Seattle, Seattle-Tacoma International Airport,,,,,,,,,,,,,,,,,,,,,,,,,,,,,,,,,,,,,,,
# LATITUDE: 47.44472,,,,,,,,,,,,,,,,,,,,,,,,,,,,,,,,,,,,,,,,
# LONGITUDE: -122.31361,,,,,,,,,,,,,,,,,,,,,,,,,,,,,,,,,,,,,,,,
# ELEVATION [ft]: 427.0,,,,,,,,,,,,,,,,,,,,,,,,,,,,,,,,,,,,,,,,
# STATE: WA,,,,,,,,,,,,,,,,,,,,,,,,,,,,,,,,,,,,,,,,
Station_ID,Date_Time,altimeter_set_1,air_temp_set_1,dew_point_temperature_set_1,relative_humidity_set_1,wind_speed_set_1,wind_direction_set_1,wind_gust_set_1,snow_depth_set_1,sea_level_pressure_set_1,weather_cond_code_set_1,cloud_layer_3_code_set_1,pressure_tendency_set_1,precip_accum_one_hour_set_1,precip_accum_three_hour_set_1,cloud_layer_1_code_set_1,cloud_layer_2_code_set_1,precip_accum_six_hour_set_1,precip_accum_24_hour_set_1,visibility_set_1,metar_set_1,air_temp_high_6_hour_set_1,air_temp_low_6_hour_set_1,peak_wind_speed_set_1,ceiling_set_1,pressure_change_code_set_1,air_temp_high_24_hour_set_1,air_temp_low_24_hour_set_1,peak_wind_direction_set_1,wind_chill_set_1d,wind_cardinal_direction_set_1d,heat_index_set_1d,weather_condition_set_1d,weather_summary_set_1d,cloud_layer_1_set_1d,cloud_layer_2_set_1d,cloud_layer_3_set_1d,dew_point_temperature_set_1d,pressure_set_1d,sea_level_pressure_set_1d
,,Pascals,Celsius,Celsius,%,m/s,Degrees,m/s,Millimeters,Pascals,code,code,code,Millimeters,Millimeters,code,code,Millimeters,Millimeters,Statute miles,text,Celsius,Celsius,m/s,Meters,code,Celsius,Celsius,Degrees,Celsius,code,Celsius,code,code,code,code,code,Celsius,Pascals,Pascals
KSEA,2025-07-04T05:00:00-0700,101591.61,13,,66.93,4.12,20,,,,,,,,,1,,,,10,METAR KSEA 041200Z AUTO 02008KT 10SM CLR 13/07 A3000,,,,,,,,,,NNE,,,clear,,,,6.94,100032.88,101596.96
KSEA,2025-07-04T05:05:00-0700,101625.47,13,,66.93,4.12,30,,,,,,,,,1,,,,10,METAR KSEA 041205Z AUTO 03008KT 10SM CLR 13/07 A3001,,,,,,,,,,NNE,,,clear,,,,6.94,100066.22,101630.83
KSEA,2025-07-04T05:10:00-0700,101625.47,13,,66.93,4.12,30,,,,,,,,,1,,,,10,METAR KSEA 041210Z AUTO 03008KT 10SM CLR 13/07 A3001,,,,,,,,,,NNE,,,clear,,,,6.94,100066.22,101630.83
KSEA,2025-07-04T05:15:00-0700,101659.34,13,,66.93,3.6,40,,,,,,,,,1,,,,10,METAR KSEA 041215Z AUTO 04007KT 10SM CLR 13/07 A3002,,,,,,,,,,NE,,,clear,,,,6.94,100099.57,101664.69
KSEA,2025-07-04T05:20:00-0700,101659.34,13,,66.93,4.12,30,,,,,,,,,1,,,,10,METAR KSEA 041220Z AUTO 03008KT 10SM CLR 13/07 A3002,,,,,,,,,,NNE,,,clear,,,,6.94,100099.57,101664.69
KSEA,2025-07-04T05:25:00-0700,101659.34,13,,66.93,4.12,30,,,,,,,,,1,,,,10,METAR KSEA 041225Z AUTO 03008KT 10SM CLR 13/07 A3002,,,,,,,,,,NNE,,,clear,,,,6.94,100099.57,101664.69
KSEA,2025-07-04T05:30:00-0700,101659.34,13,,66.93,4.12,30,,,,,,,,,1,,,,10,METAR KSEA 041230Z AUTO 03008KT 10SM CLR 13/07 A3002,,,,,,,,,,NNE,,,clear,,,,6.94,100099.57,101664.69
KSEA,2025-07-04T05:35:00-0700,101659.34,13,,66.93,4.12,30,,,,,,,,,1,,,,10,METAR KSEA 041235Z AUTO 03008KT 10SM CLR 13/07 A3002,,,,,,,,,,NNE,,,clear,,,,6.94,100099.57,101664.69
KSEA,2025-07-04T05:40:00-0700,101659.34,13,,66.93,3.6,30,,,,,,,,,1,,,,10,METAR KSEA 041240Z AUTO 03007KT 10SM CLR 13/07 A3002,,,,,,,,,,NNE,,,clear,,,,6.94,100099.57,101664.69
KSEA,2025-07-04T05:45:00-0700,101659.34,13,,66.93,3.09,60,,,,,,,,,1,,,,10,METAR KSEA 041245Z AUTO 06006KT 10SM CLR 13/07 A3002,,,,,,,,,,ENE,,,clear,,,,6.94,100099.57,101664.69
KSEA,2025-07-04T05:50:00-0700,101659.34,13,,66.93,2.06,40,,,,,,,,,,,,,10,METAR KSEA 041250Z AUTO 04004KT 10SM 13/07 A3002,,,,,,,,,,NE,,,,,,,6.94,100099.57,101664.69
KSEA,2025-07-04T05:53:00-0700,101659.34,12.8,7.2,68.75,2.06,40,,,101700,,,,,,1802,2503,,,10,METAR KSEA 041253Z 04004KT 10SM SCT180 BKN250 13/07 A3002 RMK AO2 SLP170  T01280072,,,,7620,,,,,,NE,,,broken,,,,7.15,100099.57,101665.79
KSEA,2025-07-04T05:55:00-0700,101659.34,13,,66.93,2.06,50,,,,,,,,,1,,,,10,METAR KSEA 041255Z AUTO 05004KT 10SM CLR 13/07 A3002,,,,,,,,,,NE,,,clear,,,,6.94,100099.57,101664.69
KSEA,2025-07-04T06:00:00-0700,101625.47,13,,66.93,2.06,40,,,,,,,,,1,,,,10,METAR KSEA 041300Z AUTO 04004KT 10SM CLR 13/07 A3001,,,,,,,,,,NE,,,clear,,,,6.94,100066.22,101630.83
KSEA,2025-07-04T06:05:00-0700,101659.34,13,,66.93,2.06,40,,,,,,,,,1,,,,10,METAR KSEA 041305Z AUTO 04004KT 10SM CLR 13/07 A3002,,,,,,,,,,NE,,,clear,,,,6.94,100099.57,101664.69
KSEA,2025-07-04T06:10:00-0700,101659.34,13,,66.93,2.57,60,,,,,,,,,1,,,,10,METAR KSEA 041310Z AUTO 06005KT 10SM CLR 13/07 A3002,,,,,,,,,,ENE,,,clear,,,,6.94,100099.57,101664.69
KSEA,2025-07-04T06:15:00-0700,101659.34,13,,66.93,2.06,40,,,,,,,,,1,,,,10,METAR KSEA 041315Z AUTO 04004KT 10SM CLR 13/07 A3002,,,,,,,,,,NE,,,clear,,,,6.94,100099.57,101664.69
KSEA,2025-07-04T06:20:00-0700,101659.34,13,,66.93,2.06,70,,,,,,,,,1,,,,10,METAR KSEA 041320Z AUTO 07004KT 10SM CLR 13/07 A3002,,,,,,,,,,ENE,,,clear,,,,6.94,100099.57,101664.69
KSEA,2025-07-04T06:25:00-0700,101659.34,13,,66.93,1.54,60,,,,,,,,,1,,,,10,METAR KSEA 041325Z AUTO 06003KT 10SM CLR 13/07 A3002,,,,,,,,,,ENE,,,clear,,,,6.94,100099.57,101664.69
KSEA,2025-07-04T06:30:00-0700,101659.34,13,,66.93,1.54,50,,,,,,,,,1,,,,10,METAR KSEA 041330Z AUTO 05003KT 10SM CLR 13/07 A3002,,,,,,,,,,NE,,,clear,,,,6.94,100099.57,101664.69
KSEA,2025-07-04T06:35:00-0700,101659.34,13,,66.93,2.06,60,,,,,,,,,1,,,,10,METAR KSEA 041335Z AUTO 06004KT 10SM CLR 13/07 A3002,,,,,,,,,,ENE,,,clear,,,,6.94,100099.57,101664.69
KSEA,2025-07-04T06:40:00-0700,101693.2,13,,66.93,2.06,50,,,,,,,,,1,,,,10,METAR KSEA 041340Z AUTO 05004KT 10SM CLR 13/07 A3003,,,,,,,,,,NE,,,clear,,,,6.94,100132.91,101698.55
KSEA,2025-07-04T06:45:00-0700,101693.2,14,,62.72,2.57,50,,,,,,,,,1,,,,10,METAR KSEA 041345Z AUTO 05005KT 10SM CLR 14/07 A3003,,,,,,,,,,NE,,,clear,,,,6.94,100132.91,101693.06
KSEA,2025-07-04T06:50:00-0700,101693.2,14,,62.72,2.06,40,,,,,,,,,,,,,10,METAR KSEA 041350Z AUTO 04004KT 10SM 14/07 A3003,,,,,,,,,,NE,,,,,,,6.94,100132.91,101693.06
KSEA,2025-07-04T06:53:00-0700,101693.2,14.4,7.2,61.96,2.57,40,,,101750,,,,,,1506,2503,,,10,METAR KSEA 041353Z 04005KT 10SM FEW150 BKN250 14/07 A3003 RMK AO2 SLP175  T01440072,,,,7620,,,,,,NE,,,broken,,,,7.14,100132.91,101690.88
KSEA,2025-07-04T06:55:00-0700,101693.2,14,,62.72,1.54,30,,,,,,,,,1,,,,10,METAR KSEA 041355Z AUTO 03003KT 10SM CLR 14/07 A3003,,,,,,,,,,NNE,,,clear,,,,6.94,100132.91,101693.06
KSEA,2025-07-04T07:00:00-0700,101693.2,14,,62.72,2.06,60,,,,,,,,,1,,,,10,METAR KSEA 041400Z AUTO 06004KT 10SM CLR 14/07 A3003,,,,,,,,,,ENE,,,clear,,,,6.94,100132.91,101693.06
KSEA,2025-07-04T07:05:00-0700,101727.06,14,,62.72,2.57,50,,,,,,,,,1,,,,10,METAR KSEA 041405Z AUTO 05005KT 10SM CLR 14/07 A3004,,,,,,,,,,NE,,,clear,,,,6.94,100166.25,101726.93
KSEA,2025-07-04T07:10:00-0700,101727.06,14,,62.72,2.57,40,,,,,,,,,1,,,,10,METAR KSEA 041410Z AUTO 04005KT 10SM CLR 14/07 A3004,,,,,,,,,,NE,,,clear,,,,6.94,100166.25,101726.93
KSEA,2025-07-04T07:15:00-0700,101693.2,15,,58.8,2.57,20,,,,,,,,,1,,,,10,METAR KSEA 041415Z AUTO 02005KT 10SM CLR 15/07 A3003,,,,,,,,,,NNE,,,clear,,,,6.94,100132.91,101687.61
KSEA,2025-07-04T07:20:00-0700,101693.2,15,,58.8,1.54,30,,,,,,,,,1,,,,10,METAR KSEA 041420Z AUTO 03003KT 10SM CLR 15/07 A3003,,,,,,,,,,NNE,,,clear,,,,6.94,100132.91,101687.61
KSEA,2025-07-04T07:25:00-0700,101693.2,16,,55.15,2.06,50,,,,,,,,,1,,,,10,METAR KSEA 041425Z AUTO 05004KT 10SM CLR 16/07 A3003,,,,,,,,,,NE,,,clear,,,,6.94,100132.91,101682.2
KSEA,2025-07-04T07:30:00-0700,101727.06,16,,55.15,1.54,30,,,,,,,,,1,,,,10,METAR KSEA 041430Z AUTO 03003KT 10SM CLR 16/07 A3004,,,,,,,,,,NNE,,,clear,,,,6.94,100166.25,101716.07
KSEA,2025-07-04T07:35:00-0700,101727.06,16,,55.15,0,0,,,,,,,,,1,,,,10,METAR KSEA 041435Z AUTO 00000KT 10SM CLR 16/07 A3004,,,,,,,,,,N,,,clear,,,,6.94,100166.25,101716.07
KSEA,2025-07-04T07:40:00-0700,101693.2,16,,55.15,1.54,50,,,,,,,,,1,,,,10,METAR KSEA 041440Z AUTO 05003KT 10SM CLR 16/07 A3003,,,,,,,,,,NE,,,clear,,,,6.94,100132.91,101682.2
KSEA,2025-07-04T07:45:00-0700,101727.06,16,,55.15,1.54,40,,,,,,,,,1,,,,10,METAR KSEA 041445Z AUTO 04003KT 10SM CLR 16/07 A3004,,,,,,,,,,NE,,,clear,,,,6.94,100166.25,101716.07
KSEA,2025-07-04T07:50:00-0700,101727.06,16,,55.15,0,0,,,,,,,,,,,,,10,METAR KSEA 041450Z AUTO 00000KT 10SM 16/07 A3004,,,,,,,,,,N,,,,,,,6.94,100166.25,101716.07
KSEA,2025-07-04T07:53:00-0700,101727.06,16.1,7.2,55.56,2.06,,,,101750,,,1010,,,1502,2503,,,10,METAR KSEA 041453Z VRB04KT 10SM SCT150 BKN250 16/07 A3004 RMK AO2 SLP175  T01610072 51010,,,,7620,,,,,,,,,broken,,,,7.14,100166.25,101715.53
KSEA,2025-07-04T07:55:00-0700,101727.06,16,,55.15,0,0,,,,,,,,,1,,,,10,METAR KSEA 041455Z AUTO 00000KT 10SM CLR 16/07 A3004,,,,,,,,,,N,,,clear,,,,6.94,100166.25,101716.07
KSEA,2025-07-04T08:00:00-0700,101693.2,16,,55.15,1.54,20,,,,,,,,,1,,,,10,METAR KSEA 041500Z AUTO 02003KT 10SM CLR 16/07 A3003,,,,,,,,,,NNE,,,clear,,,,6.94,100132.91,101682.2
KSEA,2025-07-04T08:05:00-0700,101693.2,16,,55.15,2.06,360,,,,,,,,,1,,,,10,METAR KSEA 041505Z AUTO 36004KT 10SM CLR 16/07 A3003,,,,,,,,,,N,,,clear,,,,6.94,100132.91,101682.2
KSEA,2025-07-04T08:10:00-0700,101693.2,16,,55.15,2.06,360,,,,,,,,,1,,,,10,METAR KSEA 041510Z AUTO 36004KT 10SM CLR 16/07 A3003,,,,,,,,,,N,,,clear,,,,6.94,100132.91,101682.2
KSEA,2025-07-04T08:15:00-0700,101693.2,16,,59.05,0,0,,,,,,,,,1,,,,10,METAR KSEA 041515Z AUTO 00000KT 10SM CLR 16/08 A3003,,,,,,,,,,N,,,clear,,,,7.94,100132.91,101682.2
KSEA,2025-07-04T08:20:00-0700,101693.2,16,,59.05,2.06,290,,,,,,,,,1,,,,10,METAR KSEA 041520Z AUTO 29004KT 10SM CLR 16/08 A3003,,,,,,,,,,WNW,,,clear,,,,7.94,100132.91,101682.2
KSEA,2025-07-04T08:25:00-0700,101727.06,16,,59.05,2.06,310,,,,,,,,,1,,,,10,METAR KSEA 041525Z AUTO 31004KT 10SM CLR 16/08 A3004,,,,,,,,,,NW,,,clear,,,,7.94,100166.25,101716.06
KSEA,2025-07-04T08:30:00-0700,101727.06,16,,59.05,2.06,280,,,,,,,,,1,,,,10,METAR KSEA 041530Z AUTO 28004KT 10SM CLR 16/08 A3004,,,,,,,,,,W,,,clear,,,,7.94,100166.25,101716.06
KSEA,2025-07-04T08:35:00-0700,101727.06,17,,55.41,1.54,320,,,,,,,,,1,,,,10,METAR KSEA 041535Z AUTO 32003KT 10SM CLR 17/08 A3004,,,,,,,,,,NW,,,clear,,,,7.94,100166.25,101710.69
KSEA,2025-07-04T08:40:00-0700,101727.06,16,,59.05,0,0,,,,,,,,,1,,,,10,METAR KSEA 041540Z AUTO 00000KT 10SM CLR 16/08 A3004,,,,,,,,,,N,,,clear,,,,7.94,100166.25,101716.06
KSEA,2025-07-04T08:45:00-0700,101727.06,17,,55.41,1.54,300,,,,,,,,,1,,,,10,METAR KSEA 041545Z AUTO 30003KT 10SM CLR 17/08 A3004,,,,,,,,,,WNW,,,clear,,,,7.94,100166.25,101710.69
KSEA,2025-07-04T08:50:00-0700,101727.06,17,,55.41,0,0,,,,,,,,,,,,,10,METAR KSEA 041550Z AUTO 00000KT 10SM 17/08 A3004,,,,,,,,,,N,,,,,,,7.94,100166.25,101710.69
KSEA,2025-07-04T08:53:00-0700,101727.06,16.7,8.3,57.64,0,0,,,101780,,,,,,1502,2503,,,10,METAR KSEA 041553Z 00000KT 10SM SCT150 BKN250 17/08 A3004 RMK AO2 SLP178  T01670083,,,,7620,,,,,,N,,,broken,,,,8.25,100166.25,101712.3
KSEA,2025-07-04T08:55:00-0700,101727.06,17,,55.41,0,0,,,,,,,,,1,,,,10,METAR KSEA 041555Z AUTO 00000KT 10SM CLR 17/08 A3004,,,,,,,,,,N,,,clear,,,,7.94,100166.25,101710.69
KSEA,2025-07-04T09:00:00-0700,101727.06,17,,55.41,0,0,,,,,,,,,1,,,,10,METAR KSEA 041600Z AUTO 00000KT 10SM CLR 17/08 A3004,,,,,,,,,,N,,,clear,,,,7.94,100166.25,101710.69
KSEA,2025-07-04T09:05:00-0700,101760.93,17,,59.3,2.06,270,,,,,,,,,1,,,,10,METAR KSEA 041605Z AUTO 27004KT 10SM CLR 17/09 A3005,,,,,,,,,,W,,,clear,,,,8.95,100199.6,101744.54
KSEA,2025-07-04T09:10:00-0700,101727.06,17,,59.3,2.57,260,,,,,,,,,1,,,,10,METAR KSEA 041610Z AUTO 26005KT 10SM CLR 17/09 A3004,,,,,,,,,,W,,,clear,,,,8.95,100166.25,101710.68
KSEA,2025-07-04T09:15:00-0700,101727.06,17,,59.3,1.54,240,,,,,,,,,1,,,,10,METAR KSEA 041615Z AUTO 24003KT 10SM CLR 17/09 A3004,,,,,,,,,,WSW,,,clear,,,,8.95,100166.25,101710.68
KSEA,2025-07-04T09:20:00-0700,101727.06,17,,59.3,2.06,260,,,,,,,,,1,,,,10,METAR KSEA 041620Z AUTO 26004KT 10SM CLR 17/09 A3004,,,,,,,,,,W,,,clear,,,,8.95,100166.25,101710.68
KSEA,2025-07-04T09:25:00-0700,101727.06,17,,59.3,2.57,300,,,,,,,,,1,,,,10,METAR KSEA 041625Z AUTO 30005KT 10SM CLR 17/09 A3004,,,,,,,,,,WNW,,,clear,,,,8.95,100166.25,101710.68
KSEA,2025-07-04T09:30:00-0700,101760.93,18,,55.67,3.6,270,,,,,,,,,1,,,,10,METAR KSEA 041630Z AUTO 27007KT 10SM CLR 18/09 A3005,,,,,,,,,,W,,,clear,,,,8.95,100199.6,101739.2
KSEA,2025-07-04T09:35:00-0700,101760.93,17,,59.3,4.12,260,,,,,,,,,1,,,,10,METAR KSEA 041635Z AUTO 26008KT 10SM CLR 17/09 A3005,,,,,,,,,,W,,,clear,,,,8.95,100199.6,101744.54
KSEA,2025-07-04T09:40:00-0700,101760.93,17,,59.3,3.6,270,,,,,,,,,1,,,,10,METAR KSEA 041640Z AUTO 27007KT 10SM CLR 17/09 A3005,,,,,,,,,,W,,,clear,,,,8.95,100199.6,101744.54
KSEA,2025-07-04T09:45:00-0700,101760.93,17,,59.3,3.09,270,,,,,,,,,1,,,,10,METAR KSEA 041645Z AUTO 27006KT 10SM CLR 17/09 A3005,,,,,,,,,,W,,,clear,,,,8.95,100199.6,101744.54
KSEA,2025-07-04T09:50:00-0700,101760.93,17,,59.3,4.12,260,,,,,,,,,256,,,,10,METAR KSEA 041650Z AUTO 26008KT 10SM FEW025 17/09 A3005,,,,,,,,,,W,,,thin scattered,,,,8.95,100199.6,101744.54
KSEA,2025-07-04T09:53:00-0700,101760.93,16.7,8.9,60.03,3.6,270,,,101810,,2503,,,,256,1502,,,10,METAR KSEA 041653Z 27007KT 10SM FEW025 SCT150 BKN250 17/09 A3005 RMK AO2 SLP181 T01670089,,,,7620,,,,,,W,,,broken,,,,8.85,100199.6,101746.15
KSEA,2025-07-04T09:55:00-0700,101760.93,17,,59.3,3.6,260,,,,,,,,,1,,,,10,METAR KSEA 041655Z AUTO 26007KT 10SM CLR 17/09 A3005,,,,,,,,,,W,,,clear,,,,8.95,100199.6,101744.54
KSEA,2025-07-04T10:00:00-0700,101760.93,17,,55.41,2.57,260,,,,,,,,,1,,,,10,METAR KSEA 041700Z AUTO 26005KT 10SM CLR 17/08 A3005,,,,,,,,,,W,,,clear,,,,7.94,100199.6,101744.54
KSEA,2025-07-04T10:05:00-0700,101760.93,17,,59.3,4.12,270,,,,,,,,,1,,,,10,METAR KSEA 041705Z AUTO 27008KT 10SM CLR 17/09 A3005,,,,,,,,,,W,,,clear,,,,8.95,100199.6,101744.54
KSEA,2025-07-04T10:10:00-0700,101760.93,18,,55.67,3.6,260,,,,,,,,,1,,,,10,METAR KSEA 041710Z AUTO 26007KT 10SM CLR 18/09 A3005,,,,,,,,,,W,,,clear,,,,8.95,100199.6,101739.2
KSEA,2025-07-04T10:15:00-0700,101760.93,17,,55.41,3.09,260,,,,,,,,,1,,,,10,METAR KSEA 041715Z AUTO 26006KT 10SM CLR 17/08 A3005,,,,,,,,,,W,,,clear,,,,7.94,100199.6,101744.54
KSEA,2025-07-04T10:20:00-0700,101760.93,17,,55.41,2.57,280,,,,,,,,,1,,,,10,METAR KSEA 041720Z AUTO 28005KT 10SM CLR 17/08 A3005,,,,,,,,,,W,,,clear,,,,7.94,100199.6,101744.54
KSEA,2025-07-04T10:25:00-0700,101760.93,18,,55.67,3.09,280,,,,,,,,,1,,,,10,METAR KSEA 041725Z AUTO 28006KT 10SM CLR 18/09 A3005,,,,,,,,,,W,,,clear,,,,8.95,100199.6,101739.2
KSEA,2025-07-04T10:30:00-0700,101760.93,17,,55.41,3.6,290,,,,,,,,,1,,,,10,METAR KSEA 041730Z AUTO 29007KT 10SM CLR 17/08 A3005,,,,,,,,,,WNW,,,clear,,,,7.94,100199.6,101744.54
KSEA,2025-07-04T10:35:00-0700,101760.93,18,,55.67,2.57,280,,,,,,,,,1,,,,10,METAR KSEA 041735Z AUTO 28005KT 10SM CLR 18/09 A3005,,,,,,,,,,W,,,clear,,,,8.95,100199.6,101739.2
KSEA,2025-07-04T10:40:00-0700,101760.93,18,,55.67,2.57,280,,,,,,,,,1,,,,10,METAR KSEA 041740Z AUTO 28005KT 10SM CLR 18/09 A3005,,,,,,,,,,W,,,clear,,,,8.95,100199.6,101739.2
KSEA,2025-07-04T10:45:00-0700,101760.93,18,,55.67,3.6,280,,,,,,,,,1,,,,10,METAR KSEA 041745Z AUTO 28007KT 10SM CLR 18/09 A3005,,,,,,,,,,W,,,clear,,,,8.95,100199.6,101739.2
KSEA,2025-07-04T10:50:00-0700,101760.93,18,,52.03,3.09,280,,,,,,,,,1,,,,10,METAR KSEA 041750Z AUTO 28006KT 10SM CLR 18/08 A3005,,,,,,,,,,W,,,clear,,,,7.95,100199.6,101739.2
KSEA,2025-07-04T10:53:00-0700,101760.93,18.3,8.9,54.27,3.09,260,,,101810,,2503,1006,,,256,1602,,,10,METAR KSEA 041753Z 26006KT 10SM FEW025 SCT160 BKN250 18/09 A3005 RMK AO2 SLP181 T01830089 10183 20128 51006,18.3,12.8,,7620,,,,,,W,,,broken,,,,8.85,100199.6,101737.6
KSEA,2025-07-04T10:55:00-0700,101760.93,18,,52.03,2.57,260,,,,,,,,,1,,,,10,METAR KSEA 041755Z AUTO 26005KT 10SM CLR 18/08 A3005,,,,,,,,,,W,,,clear,,,,7.95,100199.6,101739.2
KSEA,2025-07-04T11:00:00-0700,101760.93,19,,52.3,3.09,290,,,,,,,,,1,,,,10,METAR KSEA 041800Z AUTO 29006KT 10SM CLR 19/09 A3005,,,,,,,,,,WNW,,,clear,,,,8.95,100199.6,101733.9
KSEA,2025-07-04T11:05:00-0700,101760.93,19,,52.3,3.09,270,,,,,,,,,1,,,,10,METAR KSEA 041805Z AUTO 27006KT 10SM CLR 19/09 A3005,,,,,,,,,,W,,,clear,,,,8.95,100199.6,101733.9
KSEA,2025-07-04T11:10:00-0700,101760.93,18,,55.67,3.09,270,,,,,,,,,1,,,,10,METAR KSEA 041810Z AUTO 27006KT 10SM CLR 18/09 A3005,,,,,,,,,,W,,,clear,,,,8.95,100199.6,101739.2
KSEA,2025-07-04T11:15:00-0700,101760.93,19,,52.3,3.6,270,,,,,,,,,1,,,,10,METAR KSEA 041815Z AUTO 27007KT 10SM CLR 19/09 A3005,,,,,,,,,,W,,,clear,,,,8.95,100199.6,101733.9
KSEA,2025-07-04T11:20:00-0700,101760.93,18,,55.67,2.06,240,,,,,,,,,1,,,,10,METAR KSEA 041820Z AUTO 24004KT 10SM CLR 18/09 A3005,,,,,,,,,,WSW,,,clear,,,,8.95,100199.6,101739.2
KSEA,2025-07-04T11:25:00-0700,101760.93,19,,52.3,3.09,270,,,,,,,,,1,,,,10,METAR KSEA 041825Z AUTO 27006KT 10SM CLR 19/09 A3005,,,,,,,,,,W,,,clear,,,,8.95,100199.6,101733.9
KSEA,2025-07-04T11:30:00-0700,101760.93,19,,52.3,2.06,230,,,,,,,,,1,,,,10,METAR KSEA 041830Z AUTO 23004KT 10SM CLR 19/09 A3005,,,,,,,,,,SW,,,clear,,,,8.95,100199.6,101733.9
KSEA,2025-07-04T11:35:00-0700,101760.93,19,,52.3,3.6,270,,,,,,,,,1,,,,10,METAR KSEA 041835Z AUTO 27007KT 10SM CLR 19/09 A3005,,,,,,,,,,W,,,clear,,,,8.95,100199.6,101733.9
KSEA,2025-07-04T11:40:00-0700,101760.93,19,,52.3,1.54,260,,,,,,,,,1,,,,10,METAR KSEA 041840Z AUTO 26003KT 10SM CLR 19/09 A3005,,,,,,,,,,W,,,clear,,,,8.95,100199.6,101733.9
KSEA,2025-07-04T11:45:00-0700,101760.93,19,,52.3,,,,,,,,,,,1,,,,10,METAR KSEA 041845Z AUTO 10SM CLR 19/09 A3005,,,,,,,,,,,,,clear,,,,8.95,100199.6,101733.9
KSEA,2025-07-04T11:50:00-0700,101760.93,19,,52.3,3.09,270,,,,,,,,,256,,,,10,METAR KSEA 041850Z AUTO 27006KT 10SM FEW025 19/09 A3005,,,,,,,,,,W,,,thin scattered,,,,8.95,100199.6,101733.9
KSEA,2025-07-04T11:53:00-0700,101760.93,19.4,8.9,50.67,3.6,270,,,101800,,2503,,,,256,1602,,,10,METAR KSEA 041853Z 27007KT 10SM FEW025 SCT160 BKN250 19/09 A3005 RMK AO2 SLP180 T01940089,,,,7620,,,,,,W,,,broken,,,,8.85,100199.6,101731.79
KSEA,2025-07-04T11:55:00-0700,101760.93,19,,52.3,2.57,270,,,,,,,,,1,,,,10,METAR KSEA 041855Z AUTO 27005KT 10SM CLR 19/09 A3005,,,,,,,,,,W,,,clear,,,,8.95,100199.6,101733.9
KSEA,2025-07-04T12:00:00-0700,101760.93,20,,49.15,2.57,300,,,,,,,,,1,,,,10,METAR KSEA 041900Z AUTO 30005KT 10SM CLR 20/09 A3005,,,,,,,,,,WNW,,,clear,,,,8.96,100199.6,101728.63
KSEA,2025-07-04T12:05:00-0700,101760.93,19,,52.3,2.57,260,,,,,,,,,1,,,,10,METAR KSEA 041905Z AUTO 26005KT 10SM CLR 19/09 A3005,,,,,,,,,,W,,,clear,,,,8.95,100199.6,101733.9
KSEA,2025-07-04T12:10:00-0700,101760.93,19,,52.3,3.6,270,,,,,,,,,1,,,,10,METAR KSEA 041910Z AUTO 27007KT 10SM CLR 19/09 A3005,,,,,,,,,,W,,,clear,,,,8.95,100199.6,101733.9
KSEA,2025-07-04T12:15:00-0700,101760.93,21,,46.22,,,,,,,,,,,1,,,,10,METAR KSEA 041915Z AUTO 10SM CLR 21/09 A3005,,,,,,,,,,,,,clear,,,,8.96,100199.6,101723.4
KSEA,2025-07-04T12:20:00-0700,101760.93,20,,49.15,3.09,250,,,,,,,,,1,,,,10,METAR KSEA 041920Z AUTO 25006KT 10SM CLR 20/09 A3005,,,,,,,,,,WSW,,,clear,,,,8.96,100199.6,101728.63
KSEA,2025-07-04T12:25:00-0700,101760.93,20,,49.15,3.09,250,,,,,,,,,1,,,,10,METAR KSEA 041925Z AUTO 25006KT 10SM CLR 20/09 A3005,,,,,,,,,,WSW,,,clear,,,,8.96,100199.6,101728.63
KSEA,2025-07-04T12:30:00-0700,101760.93,21,,46.22,3.09,250,,,,,,,,,1,,,,10,METAR KSEA 041930Z AUTO 25006KT 10SM CLR 21/09 A3005,,,,,,,,,,WSW,,,clear,,,,8.96,100199.6,101723.4
KSEA,2025-07-04T12:35:00-0700,101760.93,21,,46.22,3.09,240,,,,,,,,,1,,,,10,METAR KSEA 041935Z AUTO 24006KT 10SM CLR 21/09 A3005,,,,,,,,,,WSW,,,clear,,,,8.96,100199.6,101723.4
KSEA,2025-07-04T12:40:00-0700,101760.93,21,,46.22,3.6,260,,,,,,,,,1,,,,10,METAR KSEA 041940Z AUTO 26007KT 10SM CLR 21/09 A3005,,,,,,,,,,W,,,clear,,,,8.96,100199.6,101723.4
KSEA,2025-07-04T12:45:00-0700,101760.93,21,,46.22,3.6,260,,,,,,,,,1,,,,10,METAR KSEA 041945Z AUTO 26007KT 10SM CLR 21/09 A3005,,,,,,,,,,W,,,clear,,,,8.96,100199.6,101723.4
KSEA,2025-07-04T12:50:00-0700,101760.93,21,,46.22,4.63,250,,,,,,,,,1,,,,10,METAR KSEA 041950Z AUTO 25009KT 10SM CLR 21/09 A3005,,,,,,,,,,WSW,,,clear,,,,8.96,100199.6,101723.4
KSEA,2025-07-04T12:53:00-0700,101760.93,20,8.9,48.82,2.57,,,,101820,,2503,,,,306,1602,,,10,METAR KSEA 041953Z VRB05KT 10SM FEW030 SCT160 BKN250 20/09 A3005 RMK AO2 SLP182 T02000089,,,,7620,,,,,,,,,broken,,,,8.86,100199.6,101728.63
KSEA,2025-07-04T12:55:00-0700,101760.93,20,,49.15,3.6,270,,,,,,,,,1,,,,10,METAR KSEA 041955Z AUTO 27007KT 10SM CLR 20/09 A3005,,,,,,,,,,W,,,clear,,,,8.96,100199.6,101728.63
KSEA,2025-07-04T13:00:00-0700,101760.93,21,,43.19,3.6,240,,,,,,,,,1,,,,10,METAR KSEA 042000Z AUTO 24007KT 10SM CLR 21/08 A3005,,,,,,,,,,WSW,,,clear,,,,7.96,100199.6,101723.41
KSEA,2025-07-04T13:05:00-0700,101760.93,21,,43.19,3.6,240,,,,,,,,,1,,,,10,METAR KSEA 042005Z AUTO 24007KT 10SM CLR 21/08 A3005,,,,,,,,,,WSW,,,clear,,,,7.96,100199.6,101723.41
KSEA,2025-07-04T13:10:00-0700,101760.93,21,,43.19,2.57,260,,,,,,,,,1,,,,10,METAR KSEA 042010Z AUTO 26005KT 10SM CLR 21/08 A3005,,,,,,,,,,W,,,clear,,,,7.96,100199.6,101723.41
KSEA,2025-07-04T13:15:00-0700,101760.93,21,,43.19,2.57,240,,,,,,,,,1,,,,10,METAR KSEA 042015Z AUTO 24005KT 10SM CLR 21/08 A3005,,,,,,,,,,WSW,,,clear,,,,7.96,100199.6,101723.41
KSEA,2025-07-04T13:20:00-0700,101794.79,21,,46.22,3.09,240,,,,,,,,,1,,,,10,METAR KSEA 042020Z AUTO 24006KT 10SM CLR 21/09 A3006,,,,,,,,,,WSW,,,clear,,,,8.96,100232.94,101757.26
KSEA,2025-07-04T13:25:00-0700,101794.79,21,,46.22,2.57,260,,,,,,,,,1,,,,10,METAR KSEA 042025Z AUTO 26005KT 10SM CLR 21/09 A3006,,,,,,,,,,W,,,clear,,,,8.96,100232.94,101757.26
KSEA,2025-07-04T13:30:00-0700,101794.79,21,,46.22,2.57,260,,,,,,,,,1,,,,10,METAR KSEA 042030Z AUTO 26005KT 10SM CLR 21/09 A3006,,,,,,,,,,W,,,clear,,,,8.96,100232.94,101757.26
KSEA,2025-07-04T13:35:00-0700,101794.79,20,,49.15,3.09,240,,,,,,,,,1,,,,10,METAR KSEA 042035Z AUTO 24006KT 10SM CLR 20/09 A3006,,,,,,,,,,WSW,,,clear,,,,8.96,100232.94,101762.49
KSEA,2025-07-04T13:40:00-0700,101794.79,21,,46.22,3.6,230,,,,,,,,,1,,,,10,METAR KSEA 042040Z AUTO 23007KT 10SM CLR 21/09 A3006,,,,,,,,,,SW,,,clear,,,,8.96,100232.94,101757.26
KSEA,2025-07-04T13:45:00-0700,101794.79,20,,49.15,3.6,220,,,,,,,,,1,,,,10,METAR KSEA 042045Z AUTO 22007KT 10SM CLR 20/09 A3006,,,,,,,,,,SW,,,clear,,,,8.96,100232.94,101762.49
KSEA,2025-07-04T13:50:00-0700,101794.79,21,,46.22,,,,,,,,,,,306,,,,10,METAR KSEA 042050Z AUTO 10SM FEW030 21/09 A3006,,,,,,,,,,,,,thin scattered,,,,8.96,100232.94,101757.26
KSEA,2025-07-04T13:53:00-0700,101794.79,20.6,9.4,48.66,2.06,,,,101850,,2503,3002,,,306,1602,,,10,METAR KSEA 042053Z VRB04KT 10SM FEW030 SCT160 BKN250 21/09 A3006 RMK AO2 SLP185 T02060094 53002,,,,7620,,,,,,,,,broken,,,,9.36,100232.94,101759.34
KSEA,2025-07-04T13:55:00-0700,101794.79,21,,46.22,4.12,230,,,,,,,,,1,,,,10,METAR KSEA 042055Z AUTO 23008KT 10SM CLR 21/09 A3006,,,,,,,,,,SW,,,clear,,,,8.96,100232.94,101757.26
KSEA,2025-07-04T14:00:00-0700,101794.79,20,,49.15,3.09,240,,,,,,,,,1,,,,10,METAR KSEA 042100Z AUTO 24006KT 10SM CLR 20/09 A3006,,,,,,,,,,WSW,,,clear,,,,8.96,100232.94,101762.49
KSEA,2025-07-04T14:05:00-0700,101794.79,21,,46.22,3.09,230,,,,,,,,,1,,,,10,METAR KSEA 042105Z AUTO 23006KT 10SM CLR 21/09 A3006,,,,,,,,,,SW,,,clear,,,,8.96,100232.94,101757.26
KSEA,2025-07-04T14:10:00-0700,101794.79,22,,43.48,3.09,220,,,,,,,,,1,,,,10,METAR KSEA 042110Z AUTO 22006KT 10SM CLR 22/09 A3006,,,,,,,,,,SW,,,clear,,,,8.97,100232.94,101752.06
KSEA,2025-07-04T14:15:00-0700,101794.79,22,,43.48,2.57,230,,,,,,,,,1,,,,10,METAR KSEA 042115Z AUTO 23005KT 10SM CLR 22/09 A3006,,,,,,,,,,SW,,,clear,,,,8.97,100232.94,101752.06
KSEA,2025-07-04T14:20:00-0700,101828.66,21,,46.22,1.54,230,,,,,,,,,1,,,,10,METAR KSEA 042120Z AUTO 23003KT 10SM CLR 21/09 A3007,,,,,,,,,,SW,,,clear,,,,8.96,100266.29,101791.1
KSEA,2025-07-04T14:25:00-0700,101828.66,21,,46.22,2.06,250,,,,,,,,,1,,,,10,METAR KSEA 042125Z AUTO 25004KT 10SM CLR 21/09 A3007,,,,,,,,,,WSW,,,clear,,,,8.96,100266.29,101791.1
KSEA,2025-07-04T14:30:00-0700,101828.66,21,,46.22,1.54,230,,,,,,,,,1,,,,10,METAR KSEA 042130Z AUTO 23003KT 10SM CLR 21/09 A3007,,,,,,,,,,SW,,,clear,,,,8.96,100266.29,101791.1
KSEA,2025-07-04T14:35:00-0700,101828.66,22,,43.48,2.57,230,,,,,,,,,1,,,,10,METAR KSEA 042135Z AUTO 23005KT 10SM CLR 22/09 A3007,,,,,,,,,,SW,,,clear,,,,8.97,100266.29,101785.91
KSEA,2025-07-04T14:40:00-0700,101828.66,22,,43.48,4.12,220,,,,,,,,,1,,,,10,METAR KSEA 042140Z AUTO 22008KT 10SM CLR 22/09 A3007,,,,,,,,,,SW,,,clear,,,,8.97,100266.29,101785.91
KSEA,2025-07-04T14:45:00-0700,101828.66,22,,43.48,3.6,230,,,,,,,,,1,,,,10,METAR KSEA 042145Z AUTO 23007KT 10SM CLR 22/09 A3007,,,,,,,,,,SW,,,clear,,,,8.97,100266.29,101785.91
KSEA,2025-07-04T14:50:00-0700,101828.66,22,,43.48,4.12,220,,,,,,,,,306,,,,10,METAR KSEA 042150Z AUTO 22008KT 10SM FEW030 22/09 A3007,,,,,,,,,,SW,,,thin scattered,,,,8.97,100266.29,101785.91
KSEA,2025-07-04T14:53:00-0700,101794.79,21.7,8.9,43.98,2.57,210,,,101850,,2503,,,,306,1602,,,10,METAR KSEA 042153Z 21005KT 10SM FEW030 SCT160 BKN250 22/09 A3006 RMK AO2 SLP185 T02170089,,,,7620,,,,,,SSW,,,broken,,,,8.86,100232.94,101753.62
KSEA,2025-07-04T14:55:00-0700,101794.79,22,,43.48,3.09,210,,,,,,,,,1,,,,10,METAR KSEA 042155Z AUTO 21006KT 10SM CLR 22/09 A3006,,,,,,,,,,SSW,,,clear,,,,8.97,100232.94,101752.06
KSEA,2025-07-04T15:00:00-0700,101828.66,22,,40.63,3.09,280,,,,,,,,,1,,,,10,METAR KSEA 042200Z AUTO 28006KT 10SM CLR 22/08 A3007,,,,,,,,,,W,,,clear,,,,7.97,100266.29,101785.91
KSEA,2025-07-04T15:05:00-0700,101828.66,22,,40.63,2.57,200,,,,,,,,,1,,,,10,METAR KSEA 042205Z AUTO 20005KT 10SM CLR 22/08 A3007,,,,,,,,,,SSW,,,clear,,,,7.97,100266.29,101785.91
KSEA,2025-07-04T15:10:00-0700,101828.66,22,,43.48,3.6,210,,,,,,,,,1,,,,10,METAR KSEA 042210Z AUTO 21007KT 10SM CLR 22/09 A3007,,,,,,,,,,SSW,,,clear,,,,8.97,100266.29,101785.91
KSEA,2025-07-04T15:15:00-0700,101828.66,22,,40.63,1.54,290,,,,,,,,,1,,,,10,METAR KSEA 042215Z AUTO 29003KT 10SM CLR 22/08 A3007,,,,,,,,,,WNW,,,clear,,,,7.97,100266.29,101785.91
KSEA,2025-07-04T15:20:00-0700,101828.66,22,,43.48,3.6,200,,,,,,,,,1,,,,10,METAR KSEA 042220Z AUTO 20007KT 10SM CLR 22/09 A3007,,,,,,,,,,SSW,,,clear,,,,8.97,100266.29,101785.91
KSEA,2025-07-04T15:25:00-0700,101828.66,22,,43.48,4.12,210,,,,,,,,,1,,,,10,METAR KSEA 042225Z AUTO 21008KT 10SM CLR 22/09 A3007,,,,,,,,,,SSW,,,clear,,,,8.97,100266.29,101785.91
KSEA,2025-07-04T15:30:00-0700,101828.66,23,,40.92,3.6,190,,,,,,,,,1,,,,10,METAR KSEA 042230Z AUTO 19007KT 10SM CLR 23/09 A3007,,,,,,,,,,S,,,clear,,,,8.98,100266.29,101780.74
KSEA,2025-07-04T15:35:00-0700,101828.66,22,,43.48,3.6,190,,,,,,,,,1,,,,10,METAR KSEA 042235Z AUTO 19007KT 10SM CLR 22/09 A3007,,,,,,,,,,S,,,clear,,,,8.97,100266.29,101785.91
KSEA,2025-07-04T15:40:00-0700,101828.66,22,,43.48,2.57,180,,,,,,,,,1,,,,10,METAR KSEA 042240Z AUTO 18005KT 10SM CLR 22/09 A3007,,,,,,,,,,S,,,clear,,,,8.97,100266.29,101785.91
KSEA,2025-07-04T15:45:00-0700,101862.52,22,,43.48,,,,,,,,,,,1,,,,10,METAR KSEA 042245Z AUTO 10SM CLR 22/09 A3008,,,,,,,,,,,,,clear,,,,8.97,100299.63,101819.76
KSEA,2025-07-04T15:50:00-0700,101862.52,23,,40.92,,,,,,,,,,,306,,,,10,METAR KSEA 042250Z AUTO 10SM FEW030 23/09 A3008,,,,,,,,,,,,,thin scattered,,,,8.98,100299.63,101814.6
KSEA,2025-07-04T15:53:00-0700,101862.52,22.2,8.9,42.66,3.09,210,,,101890,,2503,,,,306,1802,,,10,METAR KSEA 042253Z 21006KT 10SM FEW030 SCT180 BKN250 22/09 A3008 RMK AO2 SLP189 T02220089,,,,7620,,,,,,SSW,,,broken,,,,8.87,100299.63,101818.73
KSEA,2025-07-04T15:55:00-0700,101862.52,22,,40.63,4.12,190,,,,,,,,,1,,,,10,METAR KSEA 042255Z AUTO 19008KT 10SM CLR 22/08 A3008,,,,,,,,,,S,,,clear,,,,7.97,100299.63,101819.77
KSEA,2025-07-04T16:00:00-0700,101862.52,22,,40.63,3.09,210,,,,,,,,,1,,,,10,METAR KSEA 042300Z AUTO 21006KT 10SM CLR 22/08 A3008,,,,,,,,,,SSW,,,clear,,,,7.97,100299.63,101819.77
KSEA,2025-07-04T16:05:00-0700,101862.52,22,,40.63,3.6,210,,,,,,,,,1,,,,10,METAR KSEA 042305Z AUTO 21007KT 10SM CLR 22/08 A3008,,,,,,,,,,SSW,,,clear,,,,7.97,100299.63,101819.77
KSEA,2025-07-04T16:10:00-0700,101862.52,22,,40.63,3.6,200,,,,,,,,,1,,,,10,METAR KSEA 042310Z AUTO 20007KT 10SM CLR 22/08 A3008,,,,,,,,,,SSW,,,clear,,,,7.97,100299.63,101819.77
KSEA,2025-07-04T16:15:00-0700,101862.52,22,,40.63,3.09,210,,,,,,,,,1,,,,10,METAR KSEA 042315Z AUTO 21006KT 10SM CLR 22/08 A3008,,,,,,,,,,SSW,,,clear,,,,7.97,100299.63,101819.77
KSEA,2025-07-04T16:20:00-0700,101862.52,22,,40.63,3.09,180,,,,,,,,,1,,,,10,METAR KSEA 042320Z AUTO 18006KT 10SM CLR 22/08 A3008,,,,,,,,,,S,,,clear,,,,7.97,100299.63,101819.77
KSEA,2025-07-04T16:25:00-0700,101862.52,22,,40.63,3.09,190,,,,,,,,,1,,,,10,METAR KSEA 042325Z AUTO 19006KT 10SM CLR 22/08 A3008,,,,,,,,,,S,,,clear,,,,7.97,100299.63,101819.77
KSEA,2025-07-04T16:30:00-0700,101862.52,23,,38.24,4.12,200,,,,,,,,,1,,,,10,METAR KSEA 042330Z AUTO 20008KT 10SM CLR 23/08 A3008,,,,,,,,,,SSW,,,clear,,,,7.98,100299.63,101814.6
KSEA,2025-07-04T16:35:00-0700,101862.52,23,,38.24,3.09,180,,,,,,,,,1,,,,10,METAR KSEA 042335Z AUTO 18006KT 10SM CLR 23/08 A3008,,,,,,,,,,S,,,clear,,,,7.98,100299.63,101814.6
KSEA,2025-07-04T16:40:00-0700,101862.52,23,,38.24,3.6,220,,,,,,,,,1,,,,10,METAR KSEA 042340Z AUTO 22007KT 10SM CLR 23/08 A3008,,,,,,,,,,SW,,,clear,,,,7.98,100299.63,101814.6
KSEA,2025-07-04T16:45:00-0700,101862.52,23,,35.72,3.09,230,,,,,,,,,1,,,,10,METAR KSEA 042345Z AUTO 23006KT 10SM CLR 23/07 A3008,,,,,,,,,,SW,,,clear,,,,6.98,100299.63,101814.61
KSEA,2025-07-04T16:50:00-0700,101862.52,23,,35.72,3.6,190,,,,,,,,,1,,,,10,METAR KSEA 042350Z AUTO 19007KT 10SM CLR 23/07 A3008,,,,,,,,,,S,,,clear,,,,6.98,100299.63,101814.61
KSEA,2025-07-04T16:53:00-0700,101862.52,22.8,7.2,36.65,4.12,220,,,101900,,2503,2006,,,306,1602,,,10,METAR KSEA 042353Z 22008KT 180V260 10SM FEW030 SCT160 BKN250 23/07  A3008 RMK AO2 SLP190 T02280072 10233 20178 52006,23.3,17.8,,7620,,,,,,SW,,,broken,,,,7.17,100299.63,101815.64
KSEA,2025-07-04T16:55:00-0700,101862.52,22,,37.95,3.09,190,,,,,,,,,1,,,,10,METAR KSEA 042355Z AUTO 19006KT 10SM CLR 22/07 A3008,,,,,,,,,,S,,,clear,,,,6.97,100299.63,101819.77
KSEA,2025-07-04T17:00:00-0700,101862.52,22,,37.95,4.12,200,,,,,,,,,1,,,,10,METAR KSEA 050000Z AUTO 20008KT 10SM CLR 22/07 A3008,,,,,,,,,,SSW,,,clear,,,,6.97,100299.63,101819.77
KSEA,2025-07-04T17:05:00-0700,101862.52,22,,37.95,3.6,200,,,,,,,,,1,,,,10,METAR KSEA 050005Z AUTO 20007KT 10SM CLR 22/07 A3008,,,,,,,,,,SSW,,,clear,,,,6.97,100299.63,101819.77
KSEA,2025-07-04T17:10:00-0700,101862.52,23,,35.72,4.12,200,,,,,,,,,1,,,,10,METAR KSEA 050010Z AUTO 20008KT 10SM CLR 23/07 A3008,,,,,,,,,,SSW,,,clear,,,,6.98,100299.63,101814.61
KSEA,2025-07-04T17:15:00-0700,101862.52,23,,35.72,4.12,220,,,,,,,,,1,,,,10,METAR KSEA 050015Z AUTO 22008KT 10SM CLR 23/07 A3008,,,,,,,,,,SW,,,clear,,,,6.98,100299.63,101814.61
KSEA,2025-07-04T17:20:00-0700,101862.52,23,,35.72,3.6,220,,,,,,,,,1,,,,10,METAR KSEA 050020Z AUTO 22007KT 10SM CLR 23/07 A3008,,,,,,,,,,SW,,,clear,,,,6.98,100299.63,101814.61
KSEA,2025-07-04T17:25:00-0700,101862.52,23,,35.72,3.6,240,,,,,,,,,1,,,,10,METAR KSEA 050025Z AUTO 24007KT 10SM CLR 23/07 A3008,,,,,,,,,,WSW,,,clear,,,,6.98,100299.63,101814.61
KSEA,2025-07-04T17:30:00-0700,101862.52,23,,35.72,3.09,220,,,,,,,,,1,,,,10,METAR KSEA 050030Z AUTO 22006KT 10SM CLR 23/07 A3008,,,,,,,,,,SW,,,clear,,,,6.98,100299.63,101814.61
KSEA,2025-07-04T17:35:00-0700,101862.52,23,,35.72,3.09,230,,,,,,,,,1,,,,10,METAR KSEA 050035Z AUTO 23006KT 10SM CLR 23/07 A3008,,,,,,,,,,SW,,,clear,,,,6.98,100299.63,101814.61
KSEA,2025-07-04T17:40:00-0700,101896.38,23,,35.72,3.6,210,,,,,,,,,1,,,,10,METAR KSEA 050040Z AUTO 21007KT 10SM CLR 23/07 A3009,,,,,,,,,,SSW,,,clear,,,,6.98,100332.97,101848.45
KSEA,2025-07-04T17:45:00-0700,101862.52,22,,37.95,3.6,200,,,,,,,,,1,,,,10,METAR KSEA 050045Z AUTO 20007KT 10SM CLR 22/07 A3008,,,,,,,,,,SSW,,,clear,,,,6.97,100299.63,101819.77
KSEA,2025-07-04T17:50:00-0700,101862.52,23,,35.72,3.6,250,,,,,,,,,1,,,,10,METAR KSEA 050050Z AUTO 25007KT 10SM CLR 23/07 A3008,,,,,,,,,,WSW,,,clear,,,,6.98,100299.63,101814.61
KSEA,2025-07-04T17:53:00-0700,101862.52,22.8,6.7,35.41,3.09,250,,,101910,,2003,,,,406,1502,,,10,METAR KSEA 050053Z 25006KT 10SM FEW040 SCT150 BKN200 23/07 A3008 RMK AO2 SLP191 T02280067,,,,6096,,,,,,WSW,,,broken,,,,6.67,100299.63,101815.64
KSEA,2025-07-04T17:55:00-0700,101862.52,23,,35.72,3.09,230,,,,,,,,,1,,,,10,METAR KSEA 050055Z AUTO 23006KT 10SM CLR 23/07 A3008,,,,,,,,,,SW,,,clear,,,,6.98,100299.63,101814.61
KSEA,2025-07-04T18:00:00-0700,101896.38,23,,35.72,3.6,220,,,,,,,,,1,,,,10,METAR KSEA 050100Z AUTO 22007KT 10SM CLR 23/07 A3009,,,,,,,,,,SW,,,clear,,,,6.98,100332.97,101848.45
KSEA,2025-07-04T18:05:00-0700,101896.38,23,,33.34,3.6,200,,,,,,,,,1,,,,10,METAR KSEA 050105Z AUTO 20007KT 10SM CLR 23/06 A3009,,,,,,,,,,SSW,,,clear,,,,5.98,100332.97,101848.46
KSEA,2025-07-04T18:10:00-0700,101896.38,23,,33.34,3.6,270,,,,,,,,,1,,,,10,METAR KSEA 050110Z AUTO 27007KT 10SM CLR 23/06 A3009,,,,,,,,,,W,,,clear,,,,5.98,100332.97,101848.46
KSEA,2025-07-04T18:15:00-0700,101896.38,23,,33.34,3.6,220,,,,,,,,,1,,,,10,METAR KSEA 050115Z AUTO 22007KT 10SM CLR 23/06 A3009,,,,,,,,,,SW,,,clear,,,,5.98,100332.97,101848.46
KSEA,2025-07-04T18:20:00-0700,101896.38,22,,35.42,3.09,230,,,,,,,,,1,,,,10,METAR KSEA 050120Z AUTO 23006KT 10SM CLR 22/06 A3009,,,,,,,,,,SW,,,clear,,,,5.96,100332.97,101853.62
KSEA,2025-07-04T18:25:00-0700,101896.38,22,,35.42,3.09,250,,,,,,,,,1,,,,10,METAR KSEA 050125Z AUTO 25006KT 10SM CLR 22/06 A3009,,,,,,,,,,WSW,,,clear,,,,5.96,100332.97,101853.62
KSEA,2025-07-04T18:30:00-0700,101896.38,23,,33.34,3.6,250,,,,,,,,,1,,,,10,METAR KSEA 050130Z AUTO 25007KT 10SM CLR 23/06 A3009,,,,,,,,,,WSW,,,clear,,,,5.98,100332.97,101848.46
KSEA,2025-07-04T18:35:00-0700,101896.38,22,,35.42,3.6,250,,,,,,,,,1,,,,10,METAR KSEA 050135Z AUTO 25007KT 10SM CLR 22/06 A3009,,,,,,,,,,WSW,,,clear,,,,5.96,100332.97,101853.62
KSEA,2025-07-04T18:40:00-0700,101896.38,23,,35.72,4.12,250,,,,,,,,,1,,,,10,METAR KSEA 050140Z AUTO 25008KT 10SM CLR 23/07 A3009,,,,,,,,,,WSW,,,clear,,,,6.98,100332.97,101848.45
KSEA,2025-07-04T18:45:00-0700,101896.38,23,,38.24,4.63,240,,,,,,,,,1,,,,10,METAR KSEA 050145Z AUTO 24009KT 10SM CLR 23/08 A3009,,,,,,,,,,WSW,,,clear,,,,7.98,100332.97,101848.45
KSEA,2025-07-04T18:50:00-0700,101896.38,22,,43.48,4.63,240,,,,,,,,,406,,,,10,METAR KSEA 050150Z AUTO 24009KT 10SM FEW040 22/09 A3009,,,,,,,,,,WSW,,,thin scattered,,,,8.97,100332.97,101853.61
KSEA,2025-07-04T18:53:00-0700,101896.38,22.2,9.4,44.12,4.12,250,,,101950,,2003,,,,406,1502,,,10,METAR KSEA 050153Z 25008KT 10SM FEW040 SCT150 BKN200 22/09 A3009 RMK AO2 SLP195 T02220094,,,,6096,,,,,,WSW,,,broken,,,,9.37,100332.97,101852.57
KSEA,2025-07-04T18:55:00-0700,101896.38,22,,46.5,4.12,240,,,,,,,,,1,,,,10,METAR KSEA 050155Z AUTO 24008KT 10SM CLR 22/10 A3009,,,,,,,,,,WSW,,,clear,,,,9.97,100332.97,101853.6
KSEA,2025-07-04T19:00:00-0700,101896.38,22,,46.5,4.12,240,,,,,,,,,1,,,,10,METAR KSEA 050200Z AUTO 24008KT 10SM CLR 22/10 A3009,,,,,,,,,,WSW,,,clear,,,,9.97,100332.97,101853.6
KSEA,2025-07-04T19:05:00-0700,101930.25,22,,49.7,4.12,230,,,,,,,,,1,,,,10,METAR KSEA 050205Z AUTO 23008KT 10SM CLR 22/11 A3010,,,,,,,,,,SW,,,clear,,,,10.97,100366.33,101887.44
KSEA,2025-07-04T19:10:00-0700,101930.25,22,,49.7,4.63,240,,,,,,,,,706,,,,10,METAR KSEA 050210Z AUTO 24009KT 10SM FEW070 22/11 A3010,,,,,,,,,,WSW,,,thin scattered,,,,10.97,100366.33,101887.44
KSEA,2025-07-04T19:15:00-0700,101930.25,22,,46.5,4.12,230,,,,,,,,,702,,,,10,METAR KSEA 050215Z AUTO 23008KT 10SM SCT070 22/10 A3010,,,,,,,,,,SW,,,scattered,,,,9.97,100366.33,101887.45
KSEA,2025-07-04T19:20:00-0700,101930.25,22,,49.7,4.12,230,,,,,,,,,703,,,,10,METAR KSEA 050220Z AUTO 23008KT 10SM BKN070 22/11 A3010,,,,2133.6,,,,,,SW,,,broken,,,,10.97,100366.33,101887.44
KSEA,2025-07-04T19:25:00-0700,101930.25,22,,49.7,4.63,230,,,,,,,,,703,,,,10,METAR KSEA 050225Z AUTO 23009KT 10SM BKN070 22/11 A3010,,,,2133.6,,,,,,SW,,,broken,,,,10.97,100366.33,101887.44
KSEA,2025-07-04T19:30:00-0700,101930.25,22,,49.7,4.12,230,,,,,,,,,703,,,,10,METAR KSEA 050230Z AUTO 23008KT 10SM BKN070 22/11 A3010,,,,2133.6,,,,,,SW,,,broken,,,,10.97,100366.33,101887.44
KSEA,2025-07-04T19:35:00-0700,101930.25,22,,49.7,5.14,210,,,,,,,,,704,,,,10,METAR KSEA 050235Z AUTO 21010KT 10SM OVC070 22/11 A3010,,,,2133.6,,,,,,SSW,,,overcast,,,,10.97,100366.33,101887.44
KSEA,2025-07-04T19:40:00-0700,101930.25,21,,52.83,5.14,210,,,,,,,,,704,,,,10,METAR KSEA 050240Z AUTO 21010KT 10SM OVC070 21/11 A3010,,,,2133.6,,,,,,SSW,,,overcast,,,,10.96,100366.33,101892.64
KSEA,2025-07-04T19:45:00-0700,101964.11,21,,52.83,5.14,220,,,,,,,,,704,,,,10,METAR KSEA 050245Z AUTO 22010KT 10SM OVC070 21/11 A3011,,,,2133.6,,,,,,SW,,,overcast,,,,10.96,100399.67,101926.5
KSEA,2025-07-04T19:50:00-0700,101964.11,21,,52.83,5.14,250,,,,,,,,,702,,,,10,METAR KSEA 050250Z AUTO 25010KT 10SM SCT070 21/11 A3011,,,,,,,,,,WSW,,,scattered,,,,10.96,100399.67,101926.5
KSEA,2025-07-04T19:53:00-0700,101964.11,21.1,11.1,52.86,5.66,240,,,102000,,2503,3010,,,702,1602,,,10,METAR KSEA 050253Z 24011KT 10SM SCT070 SCT160 BKN250 21/11 A3011 RMK AO2 SLP200 T02110111 53010,,,,7620,,,,,,WSW,,,broken,,,,11.07,100399.67,101925.98
KSEA,2025-07-04T19:55:00-0700,101964.11,21,,52.83,4.12,240,,,,,,,,,704,,,,10,METAR KSEA 050255Z AUTO 24008KT 10SM OVC070 21/11 A3011,,,,2133.6,,,,,,WSW,,,overcast,,,,10.96,100399.67,101926.5
KSEA,2025-07-04T20:00:00-0700,101964.11,21,,52.83,6.17,230,,,,,,,,,704,,,,10,METAR KSEA 050300Z AUTO 23012KT 10SM OVC070 21/11 A3011,,,,2133.6,,,,,,SW,,,overcast,,,,10.96,100399.67,101926.5
KSEA,2025-07-04T20:05:00-0700,101964.11,21,,52.83,4.12,230,,,,,,,,,704,,,,10,METAR KSEA 050305Z AUTO 23008KT 10SM OVC070 21/11 A3011,,,,2133.6,,,,,,SW,,,overcast,,,,10.96,100399.67,101926.5
KSEA,2025-07-04T20:10:00-0700,101964.11,21,,52.83,4.63,240,,,,,,,,,704,,,,10,METAR KSEA 050310Z AUTO 24009KT 10SM OVC070 21/11 A3011,,,,2133.6,,,,,,WSW,,,overcast,,,,10.96,100399.67,101926.5
KSEA,2025-07-04T20:15:00-0700,101964.11,20,,56.19,4.63,240,,,,,,,,,703,,,,10,METAR KSEA 050315Z AUTO 24009KT 10SM BKN070 20/11 A3011,,,,2133.6,,,,,,WSW,,,broken,,,,10.96,100399.67,101931.74
KSEA,2025-07-04T20:20:00-0700,101997.98,20,,56.19,4.12,240,,,,,,,,,703,,,,10,METAR KSEA 050320Z AUTO 24008KT 10SM BKN070 20/11 A3012,,,,2133.6,,,,,,WSW,,,broken,,,,10.96,100433.02,101965.59
KSEA,2025-07-04T20:25:00-0700,101997.98,20,,56.19,4.63,250,,,,,,,,,703,,,,10,METAR KSEA 050325Z AUTO 25009KT 10SM BKN070 20/11 A3012,,,,2133.6,,,,,,WSW,,,broken,,,,10.96,100433.02,101965.59
KSEA,2025-07-04T20:30:00-0700,101997.98,19,,59.79,4.63,240,,,,,,,,,703,,,,10,METAR KSEA 050330Z AUTO 24009KT 10SM BKN070 19/11 A3012,,,,2133.6,,,,,,WSW,,,broken,,,,10.96,100433.02,101970.87
KSEA,2025-07-04T20:35:00-0700,101997.98,19,,59.79,4.63,240,,,,,,,,,703,,,,10,METAR KSEA 050335Z AUTO 24009KT 10SM BKN070 19/11 A3012,,,,2133.6,,,,,,WSW,,,broken,,,,10.96,100433.02,101970.87
KSEA,2025-07-04T20:40:00-0700,101997.98,19,,59.79,4.63,250,,,,,,,,,703,,,,10,METAR KSEA 050340Z AUTO 25009KT 10SM BKN070 19/11 A3012,,,,2133.6,,,,,,WSW,,,broken,,,,10.96,100433.02,101970.87
KSEA,2025-07-04T20:45:00-0700,101997.98,19,,59.79,4.63,250,,,,,,,,,753,,,,10,METAR KSEA 050345Z AUTO 25009KT 10SM BKN075 19/11 A3012,,,,2286,,,,,,WSW,,,broken,,,,10.96,100433.02,101970.87
KSEA,2025-07-04T20:50:00-0700,101997.98,19,,59.79,4.12,240,,,,,,,,,753,,,,10,METAR KSEA 050350Z AUTO 24008KT 10SM BKN075 19/11 A3012,,,,2286,,,,,,WSW,,,broken,,,,10.96,100433.02,101970.87
KSEA,2025-07-04T20:53:00-0700,101997.98,18.9,10.6,58.58,4.12,250,,,102050,,,,,,753,1503,,,10,METAR KSEA 050353Z 25008KT 10SM BKN075 BKN150 19/11 A3012 RMK AO2 SLP205  T01890106,,,,2286,,,,,,WSW,,,broken,,,,10.56,100433.02,101971.4
KSEA,2025-07-04T20:55:00-0700,101997.98,19,,59.79,3.6,250,,,,,,,,,754,,,,10,METAR KSEA 050355Z AUTO 25007KT 10SM OVC075 19/11 A3012,,,,2286,,,,,,WSW,,,overcast,,,,10.96,100433.02,101970.87
KSEA,2025-07-04T21:00:00-0700,101997.98,19,,59.79,4.12,240,,,,,,,,,754,,,,10,METAR KSEA 050400Z AUTO 24008KT 10SM OVC075 19/11 A3012,,,,2286,,,,,,WSW,,,overcast,,,,10.96,100433.02,101970.87
KSEA,2025-07-04T21:05:00-0700,102031.84,18,,63.64,4.12,240,,,,,,,,,754,,,,10,METAR KSEA 050405Z AUTO 24008KT 10SM OVC075 18/11 A3013,,,,2286,,,,,,WSW,,,overcast,,,,10.96,100466.36,102010.04
KSEA,2025-07-04T21:10:00-0700,102031.84,18,,63.64,3.6,240,,,,,,,,,754,,,,10,METAR KSEA 050410Z AUTO 24007KT 10SM OVC075 18/11 A3013,,,,2286,,,,,,WSW,,,overcast,,,,10.96,100466.36,102010.04
KSEA,2025-07-04T21:15:00-0700,102031.84,18,,63.64,4.12,240,,,,,,,,,753,,,,10,METAR KSEA 050415Z AUTO 24008KT 10SM BKN075 18/11 A3013,,,,2286,,,,,,WSW,,,broken,,,,10.96,100466.36,102010.04
KSEA,2025-07-04T21:20:00-0700,102031.84,18,,63.64,4.12,210,,,,,,,,,753,,,,10,METAR KSEA 050420Z AUTO 21008KT 10SM BKN075 18/11 A3013,,,,2286,,,,,,SSW,,,broken,,,,10.96,100466.36,102010.04
KSEA,2025-07-04T21:25:00-0700,102031.84,18,,63.64,4.12,220,,,,,,,,,752,,,,10,METAR KSEA 050425Z AUTO 22008KT 10SM SCT075 18/11 A3013,,,,,,,,,,SW,,,scattered,,,,10.96,100466.36,102010.04
KSEA,2025-07-04T21:30:00-0700,102031.84,18,,63.64,3.6,220,,,,,,,,,752,,,,10,METAR KSEA 050430Z AUTO 22007KT 10SM SCT075 18/11 A3013,,,,,,,,,,SW,,,scattered,,,,10.96,100466.36,102010.04
KSEA,2025-07-04T21:35:00-0700,102031.84,18,,63.64,3.6,220,,,,,,,,,756,,,,10,METAR KSEA 050435Z AUTO 22007KT 10SM FEW075 18/11 A3013,,,,,,,,,,SW,,,thin scattered,,,,10.96,100466.36,102010.04
KSEA,2025-07-04T21:40:00-0700,102065.7,18,,63.64,3.6,220,,,,,,,,,752,,,,10,METAR KSEA 050440Z AUTO 22007KT 10SM SCT075 18/11 A3014,,,,,,,,,,SW,,,scattered,,,,10.96,100499.7,102043.9
KSEA,2025-07-04T21:45:00-0700,102065.7,17,,67.79,3.6,220,,,,,,,,,752,,,,10,METAR KSEA 050445Z AUTO 22007KT 10SM SCT075 17/11 A3014,,,,,,,,,,SW,,,scattered,,,,10.96,100499.7,102049.25
KSEA,2025-07-04T21:50:00-0700,102065.7,17,,67.79,3.6,220,,,,,,,,,752,,,,10,METAR KSEA 050450Z AUTO 22007KT 10SM SCT075 17/11 A3014,,,,,,,,,,SW,,,scattered,,,,10.96,100499.7,102049.25
KSEA,2025-07-04T21:53:00-0700,102065.7,17.2,10.6,65.18,4.12,220,,,102130,,,,,,752,2003,,,10,KSEA 050453Z 22008KT 10SM SCT075 BKN200 17/11 A3014 RMK AO2 SLP213  T01720106,,,,6096,,,,,,SW,,,broken,,,,10.56,100499.7,102048.18
KSEA,2025-07-04T21:55:00-0700,102065.7,17,,67.79,4.12,220,,,,,,,,,1,,,,10,METAR KSEA 050455Z AUTO 22008KT 10SM CLR 17/11 A3014,,,,,,,,,,SW,,,clear,,,,10.96,100499.7,102049.25
KSEA,2025-07-04T22:00:00-0700,102099.57,17,,67.79,3.6,210,,,,,,,,,1,,,,10,METAR KSEA 050500Z AUTO 21007KT 10SM CLR 17/11 A3015,,,,,,,,,,SSW,,,clear,,,,10.96,100533.05,102083.12
KSEA,2025-07-04T22:05:00-0700,102099.57,17,,67.79,4.12,220,,,,,,,,,706,,,,10,METAR KSEA 050505Z AUTO 22008KT 10SM FEW070 17/11 A3015,,,,,,,,,,SW,,,thin scattered,,,,10.96,100533.05,102083.12
KSEA,2025-07-04T22:10:00-0700,102099.57,17,,67.79,4.12,210,,,,,,,,,702,,,,10,METAR KSEA 050510Z AUTO 21008KT 10SM SCT070 17/11 A3015,,,,,,,,,,SSW,,,scattered,,,,10.96,100533.05,102083.12
KSEA,2025-07-04T22:15:00-0700,102133.43,17,,67.79,3.09,220,,,,,,,,,702,,,,10,METAR KSEA 050515Z AUTO 22006KT 10SM SCT070 17/11 A3016,,,,,,,,,,SW,,,scattered,,,,10.96,100566.39,102116.97
KSEA,2025-07-04T22:20:00-0700,102133.43,17,,67.79,3.09,220,,,,,,,,,703,,,,10,METAR KSEA 050520Z AUTO 22006KT 10SM BKN070 17/11 A3016,,,,2133.6,,,,,,SW,,,broken,,,,10.96,100566.39,102116.97
KSEA,2025-07-04T22:25:00-0700,102133.43,17,,67.79,2.57,240,,,,,,,,,703,,,,10,METAR KSEA 050525Z AUTO 24005KT 10SM BKN070 17/11 A3016,,,,2133.6,,,,,,WSW,,,broken,,,,10.96,100566.39,102116.97
KSEA,2025-07-04T22:30:00-0700,102133.43,17,,67.79,3.09,250,,,,,,,,,703,,,,10,METAR KSEA 050530Z AUTO 25006KT 10SM BKN070 17/11 A3016,,,,2133.6,,,,,,WSW,,,broken,,,,10.96,100566.39,102116.97
KSEA,2025-07-04T22:35:00-0700,102133.43,17,,67.79,3.09,240,,,,,,,,,703,,,,10,METAR KSEA 050535Z AUTO 24006KT 10SM BKN070 17/11 A3016,,,,2133.6,,,,,,WSW,,,broken,,,,10.96,100566.39,102116.97
KSEA,2025-07-04T22:40:00-0700,102167.3,17,,67.79,2.57,240,,,,,,,,,703,,,,10,METAR KSEA 050540Z AUTO 24005KT 10SM BKN070 17/11 A3017,,,,2133.6,,,,,,WSW,,,broken,,,,10.96,100599.74,102150.82
KSEA,2025-07-04T22:45:00-0700,102167.3,17,,67.79,3.09,220,,,,,,,,,703,,,,10,METAR KSEA 050545Z AUTO 22006KT 10SM BKN070 17/11 A3017,,,,2133.6,,,,,,SW,,,broken,,,,10.96,100599.74,102150.82
KSEA,2025-07-04T22:50:00-0700,102167.3,16,,72.23,2.57,210,,,,,,,,,753,,,,10,METAR KSEA 050550Z AUTO 21005KT 10SM BKN075 16/11 A3017,,,,2286,,,,,,SSW,,,broken,,,,10.96,100599.74,102156.22
KSEA,2025-07-04T22:53:00-0700,102167.3,16.1,10.6,69.89,2.57,210,,,102210,,,3020,,,753,2003,,,10,METAR KSEA 050553Z 21005KT 10SM BKN075 BKN200 16/11 A3017 RMK AO2 SLP221  T01610106 10233 20161 53020,23.3,16.1,,2286,,,,,,SSW,,,broken,,,,10.56,100599.74,102155.68
KSEA,2025-07-04T22:55:00-0700,102167.3,16,,72.23,2.57,210,,,,,,,,,753,,,,10,METAR KSEA 050555Z AUTO 21005KT 10SM BKN075 16/11 A3017,,,,2286,,,,,,SSW,,,broken,,,,10.96,100599.74,102156.22
KSEA,2025-07-04T23:00:00-0700,102167.3,16,,72.23,3.09,220,,,,,,,,,753,,,,10,METAR KSEA 050600Z AUTO 22006KT 10SM BKN075 16/11 A3017,,,,2286,,,,,,SW,,,broken,,,,10.96,100599.74,102156.22
KSEA,2025-07-04T23:05:00-0700,102167.3,16,,72.23,3.09,220,,,,,,,,,753,,,,10,METAR KSEA 050605Z AUTO 22006KT 10SM BKN075 16/11 A3017,,,,2286,,,,,,SW,,,broken,,,,10.96,100599.74,102156.22
KSEA,2025-07-04T23:10:00-0700,102167.3,16,,72.23,3.09,220,,,,,,,,,753,,,,10,METAR KSEA 050610Z AUTO 22006KT 10SM BKN075 16/11 A3017,,,,2286,,,,,,SW,,,broken,,,,10.96,100599.74,102156.22
KSEA,2025-07-04T23:15:00-0700,102167.3,16,,72.23,3.6,220,,,,,,,,,753,,,,10,METAR KSEA 050615Z AUTO 22007KT 10SM BKN075 16/11 A3017,,,,2286,,,,,,SW,,,broken,,,,10.96,100599.74,102156.22
KSEA,2025-07-04T23:20:00-0700,102167.3,16,,72.23,3.09,230,,,,,,,,,753,,,,10,METAR KSEA 050620Z AUTO 23006KT 10SM BKN075 16/11 A3017,,,,2286,,,,,,SW,,,broken,,,,10.96,100599.74,102156.22
KSEA,2025-07-04T23:25:00-0700,102201.16,16,,67.57,2.57,210,,,,,,,,,754,,,,10,METAR KSEA 050625Z AUTO 21005KT 10SM OVC075 16/10 A3018,,,,2286,,,,,,SSW,,,overcast,,,,9.96,100633.08,102190.09
KSEA,2025-07-04T23:30:00-0700,102201.16,16,,72.23,3.09,190,,,,,,,,,754,,,,10,METAR KSEA 050630Z AUTO 19006KT 10SM OVC075 16/11 A3018,,,,2286,,,,,,S,,,overcast,,,,10.96,100633.08,102190.09
KSEA,2025-07-04T23:35:00-0700,102201.16,16,,72.23,2.57,200,,,,,,,,,754,,,,10,METAR KSEA 050635Z AUTO 20005KT 10SM OVC075 16/11 A3018,,,,2286,,,,,,SSW,,,overcast,,,,10.96,100633.08,102190.09
KSEA,2025-07-04T23:40:00-0700,102201.16,16,,72.23,3.09,200,,,,,,,,,754,,,,10,METAR KSEA 050640Z AUTO 20006KT 10SM OVC075 16/11 A3018,,,,2286,,,,,,SSW,,,overcast,,,,10.96,100633.08,102190.09
KSEA,2025-07-04T23:45:00-0700,102201.16,16,,72.23,3.09,200,,,,,,,,,754,,,,10,METAR KSEA 050645Z AUTO 20006KT 10SM OVC075 16/11 A3018,,,,2286,,,,,,SSW,,,overcast,,,,10.96,100633.08,102190.09
KSEA,2025-07-04T23:50:00-0700,102201.16,16,,67.57,3.09,210,,,,,,,,,753,,,,10,METAR KSEA 050650Z AUTO 21006KT 10SM BKN075 16/10 A3018,,,,2286,,,,,,SSW,,,broken,,,,9.96,100633.08,102190.09
KSEA,2025-07-04T23:53:00-0700,102201.16,15.6,10,69.32,3.6,220,,,102250,,,,,,753,2003,,,10,METAR KSEA 050653Z 22007KT 10SM BKN075 BKN200 16/10 A3018 RMK AO2 SLP225  T01560100,,,,2286,,,,,,SW,,,broken,,,,9.96,100633.08,102192.27
KSEA,2025-07-04T23:55:00-0700,102201.16,16,,67.57,3.6,220,,,,,,,,,754,,,,10,METAR KSEA 050655Z AUTO 22007KT 10SM OVC075 16/10 A3018,,,,2286,,,,,,SW,,,overcast,,,,9.96,100633.08,102190.09
KSEA,2025-07-05T00:00:00-0700,102201.16,16,,67.57,3.6,220,,,,,,,,,754,,,,10,METAR KSEA 050700Z AUTO 22007KT 10SM OVC075 16/10 A3018,,,,2286,,,,,,SW,,,overcast,,,,9.96,100633.08,102190.09
KSEA,2025-07-05T00:05:00-0700,102201.16,16,,67.57,2.57,220,,,,,,,,,754,,,,10,METAR KSEA 050705Z AUTO 22005KT 10SM OVC075 16/10 A3018,,,,2286,,,,,,SW,,,overcast,,,,9.96,100633.08,102190.09
KSEA,2025-07-05T00:10:00-0700,102201.16,15,,72.04,3.09,210,,,,,,,,,754,,,,10,METAR KSEA 050710Z AUTO 21006KT 10SM OVC075 15/10 A3018,,,,2286,,,,,,SSW,,,overcast,,,,9.96,100633.08,102195.53
KSEA,2025-07-05T00:15:00-0700,102235.02,15,,72.04,2.57,210,,,,,,,,,754,,,,10,METAR KSEA 050715Z AUTO 21005KT 10SM OVC075 15/10 A3019,,,,2286,,,,,,SSW,,,overcast,,,,9.96,100666.42,102229.39
KSEA,2025-07-05T00:20:00-0700,102235.02,15,,72.04,3.09,210,,,,,,,,,754,,,,10,METAR KSEA 050720Z AUTO 21006KT 10SM OVC075 15/10 A3019,,,,2286,,,,,,SSW,,,overcast,,,,9.96,100666.42,102229.39
KSEA,2025-07-05T00:25:00-0700,102235.02,15,,72.04,3.6,210,,,,,,,,,754,,,,10,METAR KSEA 050725Z AUTO 21007KT 10SM OVC075 15/10 A3019,,,,2286,,,,,,SSW,,,overcast,,,,9.96,100666.42,102229.39
KSEA,2025-07-05T00:30:00-0700,102201.16,15,,72.04,3.09,210,,,,,,,,,754,,,,10,METAR KSEA 050730Z AUTO 21006KT 10SM OVC075 15/10 A3018,,,,2286,,,,,,SSW,,,overcast,,,,9.96,100633.08,102195.53
KSEA,2025-07-05T00:35:00-0700,102201.16,15,,72.04,3.09,220,,,,,,,,,804,,,,10,METAR KSEA 050735Z AUTO 22006KT 10SM OVC080 15/10 A3018,,,,2438.4,,,,,,SW,,,overcast,,,,9.96,100633.08,102195.53
KSEA,2025-07-05T00:40:00-0700,102201.16,15,,72.04,3.6,220,,,,,,,,,804,,,,10,METAR KSEA 050740Z AUTO 22007KT 10SM OVC080 15/10 A3018,,,,2438.4,,,,,,SW,,,overcast,,,,9.96,100633.08,102195.53
KSEA,2025-07-05T00:45:00-0700,102201.16,14,,76.85,2.57,220,,,,,,,,,804,,,,10,METAR KSEA 050745Z AUTO 22005KT 10SM OVC080 14/10 A3018,,,,2438.4,,,,,,SW,,,overcast,,,,9.97,100633.08,102201.01
KSEA,2025-07-05T00:50:00-0700,102201.16,14,,76.85,2.57,220,,,,,,,,,803,,,,10,METAR KSEA 050750Z AUTO 22005KT 10SM BKN080 14/10 A3018,,,,2438.4,,,,,,SW,,,broken,,,,9.97,100633.08,102201.01
KSEA,2025-07-05T00:53:00-0700,102201.16,14.4,10,74.88,3.09,220,,,102260,,,,,,803,2003,,,10,METAR KSEA 050753Z 22006KT 10SM BKN080 BKN200 14/10 A3018 RMK AO2 SLP226  T01440100 402330128,,,,2438.4,,23.3,12.8,,,SW,,,broken,,,,9.96,100633.08,102198.81
KSEA,2025-07-05T00:55:00-0700,102201.16,14,,76.85,2.57,220,,,,,,,,,803,,,,10,METAR KSEA 050755Z AUTO 22005KT 10SM BKN080 14/10 A3018,,,,2438.4,,,,,,SW,,,broken,,,,9.97,100633.08,102201.01
KSEA,2025-07-05T01:00:00-0700,102201.16,14,,76.85,3.09,220,,,,,,,,,803,,,,10,METAR KSEA 050800Z AUTO 22006KT 10SM BKN080 14/10 A3018,,,,2438.4,,,,,,SW,,,broken,,,,9.97,100633.08,102201.01
KSEA,2025-07-05T01:05:00-0700,102201.16,14,,76.85,3.09,200,,,,,,,,,753,,,,10,METAR KSEA 050805Z AUTO 20006KT 10SM BKN075 14/10 A3018,,,,2286,,,,,,SSW,,,broken,,,,9.97,100633.08,102201.01
KSEA,2025-07-05T01:10:00-0700,102235.02,14,,76.85,2.57,210,,,,,,,,,753,,,,10,METAR KSEA 050810Z AUTO 21005KT 10SM BKN075 14/10 A3019,,,,2286,,,,,,SSW,,,broken,,,,9.97,100666.42,102234.87
KSEA,2025-07-05T01:15:00-0700,102201.16,14,,76.85,3.09,210,,,,,,,,,753,,,,10,METAR KSEA 050815Z AUTO 21006KT 10SM BKN075 14/10 A3018,,,,2286,,,,,,SSW,,,broken,,,,9.97,100633.08,102201.01
KSEA,2025-07-05T01:20:00-0700,102201.16,14,,76.85,3.09,210,,,,,,,,,753,,,,10,METAR KSEA 050820Z AUTO 21006KT 10SM BKN075 14/10 A3018,,,,2286,,,,,,SSW,,,broken,,,,9.97,100633.08,102201.01
KSEA,2025-07-05T01:25:00-0700,102201.16,14,,76.85,2.57,210,,,,,,,,,703,,,,10,METAR KSEA 050825Z AUTO 21005KT 10SM BKN070 14/10 A3018,,,,2133.6,,,,,,SSW,,,broken,,,,9.97,100633.08,102201.01
KSEA,2025-07-05T01:30:00-0700,102235.02,14,,76.85,2.06,220,,,,,,,,,703,,,,10,METAR KSEA 050830Z AUTO 22004KT 10SM BKN070 14/10 A3019,,,,2133.6,,,,,,SW,,,broken,,,,9.97,100666.42,102234.87
KSEA,2025-07-05T01:35:00-0700,102235.02,14,,76.85,2.06,200,,,,,,,,,703,,,,10,METAR KSEA 050835Z AUTO 20004KT 10SM BKN070 14/10 A3019,,,,2133.6,,,,,,SSW,,,broken,,,,9.97,100666.42,102234.87
KSEA,2025-07-05T01:40:00-0700,102235.02,14,,76.85,2.57,210,,,,,,,,,703,,,,10,METAR KSEA 050840Z AUTO 21005KT 10SM BKN070 14/10 A3019,,,,2133.6,,,,,,SSW,,,broken,,,,9.97,100666.42,102234.87
KSEA,2025-07-05T01:45:00-0700,102235.02,14,,76.85,2.06,210,,,,,,,,,702,,,,10,METAR KSEA 050845Z AUTO 21004KT 10SM SCT070 14/10 A3019,,,,,,,,,,SSW,,,scattered,,,,9.97,100666.42,102234.87
KSEA,2025-07-05T01:50:00-0700,102235.02,13,,82.01,1.54,210,,,,,,,,,702,,,,10,METAR KSEA 050850Z AUTO 21003KT 10SM SCT070 13/10 A3019,,,,,,,,,,SSW,,,scattered,,,,9.97,100666.42,102240.38
KSEA,2025-07-05T01:53:00-0700,102235.02,13.3,10,80.42,1.54,210,,,102290,,,1007,,,702,2002,,,10,METAR KSEA 050853Z 21003KT 10SM SCT070 SCT200 13/10 A3019 RMK AO2 SLP229  T01330100 51007,,,,,,,,,,SSW,,,scattered,,,,9.97,100666.42,102238.72
KSEA,2025-07-05T01:55:00-0700,102235.02,13,,82.01,1.54,200,,,,,,,,,706,,,,10,METAR KSEA 050855Z AUTO 20003KT 10SM FEW070 13/10 A3019,,,,,,,,,,SSW,,,thin scattered,,,,9.97,100666.42,102240.38
KSEA,2025-07-05T02:00:00-0700,102235.02,14,,76.85,1.54,200,,,,,,,,,706,,,,10,METAR KSEA 050900Z AUTO 20003KT 10SM FEW070 14/10 A3019,,,,,,,,,,SSW,,,thin scattered,,,,9.97,100666.42,102234.87
KSEA,2025-07-05T02:05:00-0700,102235.02,14,,76.85,1.54,200,,,,,,,,,1,,,,10,METAR KSEA 050905Z AUTO 20003KT 10SM CLR 14/10 A3019,,,,,,,,,,SSW,,,clear,,,,9.97,100666.42,102234.87
KSEA,2025-07-05T02:10:00-0700,102235.02,13,,82.01,1.54,190,,,,,,,,,1,,,,10,METAR KSEA 050910Z AUTO 19003KT 10SM CLR 13/10 A3019,,,,,,,,,,S,,,clear,,,,9.97,100666.42,102240.38
KSEA,2025-07-05T02:15:00-0700,102235.02,13,,82.01,1.54,190,,,,,,,,,1,,,,10,METAR KSEA 050915Z AUTO 19003KT 10SM CLR 13/10 A3019,,,,,,,,,,S,,,clear,,,,9.97,100666.42,102240.38
KSEA,2025-07-05T02:20:00-0700,102235.02,13,,82.01,2.06,180,,,,,,,,,1,,,,10,METAR KSEA 050920Z AUTO 18004KT 10SM CLR 13/10 A3019,,,,,,,,,,S,,,clear,,,,9.97,100666.42,102240.38
KSEA,2025-07-05T02:25:00-0700,102235.02,13,,82.01,2.06,180,,,,,,,,,1,,,,10,METAR KSEA 050925Z AUTO 18004KT 10SM CLR 13/10 A3019,,,,,,,,,,S,,,clear,,,,9.97,100666.42,102240.38
KSEA,2025-07-05T02:30:00-0700,102235.02,13,,82.01,2.06,190,,,,,,,,,706,,,,10,METAR KSEA 050930Z AUTO 19004KT 10SM FEW070 13/10 A3019,,,,,,,,,,S,,,thin scattered,,,,9.97,100666.42,102240.38
KSEA,2025-07-05T02:35:00-0700,102268.89,13,,82.01,2.06,200,,,,,,,,,706,,,,10,METAR KSEA 050935Z AUTO 20004KT 10SM FEW070 13/10 A3020,,,,,,,,,,SSW,,,thin scattered,,,,9.97,100699.77,102274.25
KSEA,2025-07-05T02:40:00-0700,102268.89,13,,82.01,2.57,200,,,,,,,,,706,,,,10,METAR KSEA 050940Z AUTO 20005KT 10SM FEW070 13/10 A3020,,,,,,,,,,SSW,,,thin scattered,,,,9.97,100699.77,102274.25
KSEA,2025-07-05T02:45:00-0700,102268.89,13,,82.01,2.06,210,,,,,,,,,706,,,,10,METAR KSEA 050945Z AUTO 21004KT 10SM FEW070 13/10 A3020,,,,,,,,,,SSW,,,thin scattered,,,,9.97,100699.77,102274.25
KSEA,2025-07-05T02:50:00-0700,102268.89,13,,82.01,2.06,210,,,,,,,,,706,,,,10,METAR KSEA 050950Z AUTO 21004KT 10SM FEW070 13/10 A3020,,,,,,,,,,SSW,,,thin scattered,,,,9.97,100699.77,102274.25
KSEA,2025-07-05T02:53:00-0700,102268.89,12.8,10,83.09,2.06,210,,,102320,,,,,,706,2002,,,10,METAR KSEA 050953Z 21004KT 10SM FEW070 SCT200 13/10 A3020 RMK AO2 SLP232  T01280100,,,,,,,,,,SSW,,,scattered,,,,9.97,100699.77,102275.36
KSEA,2025-07-05T02:55:00-0700,102268.89,13,,82.01,1.54,220,,,,,,,,,1,,,,10,METAR KSEA 050955Z AUTO 22003KT 10SM CLR 13/10 A3020,,,,,,,,,,SW,,,clear,,,,9.97,100699.77,102274.25
KSEA,2025-07-05T03:00:00-0700,102268.89,13,,82.01,1.54,220,,,,,,,,,1,,,,10,METAR KSEA 051000Z AUTO 22003KT 10SM CLR 13/10 A3020,,,,,,,,,,SW,,,clear,,,,9.97,100699.77,102274.25
KSEA,2025-07-05T03:05:00-0700,102268.89,13,,82.01,1.54,230,,,,,,,,,1,,,,10,METAR KSEA 051005Z AUTO 23003KT 10SM CLR 13/10 A3020,,,,,,,,,,SW,,,clear,,,,9.97,100699.77,102274.25
KSEA,2025-07-05T03:10:00-0700,102268.89,13,,82.01,1.54,230,,,,,,,,,1,,,,10,METAR KSEA 051010Z AUTO 23003KT 10SM CLR 13/10 A3020,,,,,,,,,,SW,,,clear,,,,9.97,100699.77,102274.25
KSEA,2025-07-05T03:15:00-0700,102268.89,13,,82.01,1.54,230,,,,,,,,,1,,,,10,METAR KSEA 051015Z AUTO 23003KT 10SM CLR 13/10 A3020,,,,,,,,,,SW,,,clear,,,,9.97,100699.77,102274.25
KSEA,2025-07-05T03:20:00-0700,102268.89,13,,76.68,2.06,230,,,,,,,,,1,,,,10,METAR KSEA 051020Z AUTO 23004KT 10SM CLR 13/09 A3020,,,,,,,,,,SW,,,clear,,,,8.96,100699.77,102274.26
KSEA,2025-07-05T03:25:00-0700,102302.75,13,,76.68,1.54,220,,,,,,,,,1,,,,10,METAR KSEA 051025Z AUTO 22003KT 10SM CLR 13/09 A3021,,,,,,,,,,SW,,,clear,,,,8.96,100733.11,102308.12
KSEA,2025-07-05T03:30:00-0700,102268.89,13,,76.68,0,0,,,,,,,,,1,,,,10,METAR KSEA 051030Z AUTO 00000KT 10SM CLR 13/09 A3020,,,,,,,,,,N,,,clear,,,,8.96,100699.77,102274.26
KSEA,2025-07-05T03:35:00-0700,102268.89,13,,76.68,1.54,200,,,,,,,,,1,,,,10,METAR KSEA 051035Z AUTO 20003KT 10SM CLR 13/09 A3020,,,,,,,,,,SSW,,,clear,,,,8.96,100699.77,102274.26
KSEA,2025-07-05T03:40:00-0700,102268.89,13,,76.68,1.54,200,,,,,,,,,1,,,,10,METAR KSEA 051040Z AUTO 20003KT 10SM CLR 13/09 A3020,,,,,,,,,,SSW,,,clear,,,,8.96,100699.77,102274.26
KSEA,2025-07-05T03:45:00-0700,102268.89,13,,76.68,0,0,,,,,,,,,1,,,,10,METAR KSEA 051045Z AUTO 00000KT 10SM CLR 13/09 A3020,,,,,,,,,,N,,,clear,,,,8.96,100699.77,102274.26
KSEA,2025-07-05T03:50:00-0700,102268.89,13,,76.68,1.54,170,,,,,,,,,1,,,,10,METAR KSEA 051050Z AUTO 17003KT 10SM CLR 13/09 A3020,,,,,,,,,,S,,,clear,,,,8.96,100699.77,102274.26
KSEA,2025-07-05T03:53:00-0700,102268.89,12.2,9.4,83.02,1.54,180,,,102330,,,,,,2002,,,,10,METAR KSEA 051053Z 18003KT 10SM SCT200 12/09 A3020 RMK AO2 SLP233 T01220094,,,,,,,,,,S,,,scattered,,,,9.37,100699.77,102278.7
KSEA,2025-07-05T03:55:00-0700,102268.89,12,,81.88,1.54,180,,,,,,,,,1,,,,10,METAR KSEA 051055Z AUTO 18003KT 10SM CLR 12/09 A3020,,,,,,,,,,S,,,clear,,,,8.97,100699.77,102279.82
KSEA,2025-07-05T04:00:00-0700,102302.75,12,,81.88,1.54,180,,,,,,,,,1,,,,10,METAR KSEA 051100Z AUTO 18003KT 10SM CLR 12/09 A3021,,,,,,,,,,S,,,clear,,,,8.97,100733.11,102313.68
KSEA,2025-07-05T04:05:00-0700,102302.75,12,,81.88,1.54,180,,,,,,,,,1,,,,10,METAR KSEA 051105Z AUTO 18003KT 10SM CLR 12/09 A3021,,,,,,,,,,S,,,clear,,,,8.97,100733.11,102313.68
KSEA,2025-07-05T04:10:00-0700,102302.75,12,,81.88,2.06,190,,,,,,,,,1,,,,10,METAR KSEA 051110Z AUTO 19004KT 10SM CLR 12/09 A3021,,,,,,,,,,S,,,clear,,,,8.97,100733.11,102313.68
KSEA,2025-07-05T04:15:00-0700,102302.75,12,,81.88,2.06,190,,,,,,,,,1,,,,10,METAR KSEA 051115Z AUTO 19004KT 10SM CLR 12/09 A3021,,,,,,,,,,S,,,clear,,,,8.97,100733.11,102313.68
KSEA,2025-07-05T04:20:00-0700,102302.75,12,,81.88,2.06,190,,,,,,,,,506,,,,10,METAR KSEA 051120Z AUTO 19004KT 10SM FEW050 12/09 A3021,,,,,,,,,,S,,,thin scattered,,,,8.97,100733.11,102313.68
KSEA,2025-07-05T04:25:00-0700,102302.75,12,,81.88,2.06,200,,,,,,,,,502,,,,10,METAR KSEA 051125Z AUTO 20004KT 10SM SCT050 12/09 A3021,,,,,,,,,,SSW,,,scattered,,,,8.97,100733.11,102313.68
KSEA,2025-07-05T04:30:00-0700,102302.75,12,,81.88,1.54,200,,,,,,,,,552,,,,10,METAR KSEA 051130Z AUTO 20003KT 10SM SCT055 12/09 A3021,,,,,,,,,,SSW,,,scattered,,,,8.97,100733.11,102313.68
KSEA,2025-07-05T04:35:00-0700,102302.75,12,,81.88,1.54,200,,,,,,,,,552,,,,10,METAR KSEA 051135Z AUTO 20003KT 10SM SCT055 12/09 A3021,,,,,,,,,,SSW,,,scattered,,,,8.97,100733.11,102313.68
KSEA,2025-07-05T04:40:00-0700,102336.62,12,,81.88,1.54,210,,,,,,,,,552,,,,10,METAR KSEA 051140Z AUTO 21003KT 10SM SCT055 12/09 A3022,,,,,,,,,,SSW,,,scattered,,,,8.97,100766.46,102347.55
KSEA,2025-07-05T04:45:00-0700,102336.62,12,,81.88,1.54,220,,,,,,,,,552,,,,10,METAR KSEA 051145Z AUTO 22003KT 10SM SCT055 12/09 A3022,,,,,,,,,,SW,,,scattered,,,,8.97,100766.46,102347.55
KSEA,2025-07-05T04:50:00-0700,102336.62,12,,81.88,1.54,240,,,,,,,,,552,,,,10,METAR KSEA 051150Z AUTO 24003KT 10SM SCT055 12/09 A3022,,,,,,,,,,WSW,,,scattered,,,,8.97,100766.46,102347.55
KSEA,2025-07-05T04:53:00-0700,102336.62,12.2,9.4,83.02,2.06,230,,,102370,,,3010,,,552,2002,,,10,METAR KSEA 051153Z 23004KT 10SM SCT055 SCT200 12/09 A3022 RMK AO2 SLP237  T01220094 10161 20117 53010,16.1,11.7,,,,,,,,SW,,,scattered,,,,9.37,100766.46,102346.44
KSEA,2025-07-05T04:55:00-0700,102336.62,12,,81.88,2.06,240,,,,,,,,,506,,,,10,METAR KSEA 051155Z AUTO 24004KT 10SM FEW050 12/09 A3022,,,,,,,,,,WSW,,,thin scattered,,,,8.97,100766.46,102347.55
KSEA,2025-07-05T05:00:00-0700,102336.62,12,,81.88,1.54,230,,,,,,,,,556,,,,10,METAR KSEA 051200Z AUTO 23003KT 10SM FEW055 12/09 A3022,,,,,,,,,,SW,,,thin scattered,,,,8.97,100766.46,102347.55
